{
    "0": {
        "Temps": 1.008969,
        "Cout": 993
    },
    "1": {
        "Temps": 1.97497,
        "Cout": 965
    },
    "2": {
        "Temps": 3.170969,
        "Cout": 920
    },
    "3": {
        "Temps": 4.125971,
        "Cout": 985
    },
    "4": {
        "Temps": 5.17297,
        "Cout": 943
    },
    "5": {
        "Temps": 6.282071,
        "Cout": 971
    },
    "6": {
        "Temps": 7.302106,
        "Cout": 937
    },
    "7": {
        "Temps": 8.432073,
        "Cout": 940
    },
    "8": {
        "Temps": 9.378076,
        "Cout": 964
    },
    "9": {
        "Temps": 10.375072,
        "Cout": 949
    },
    "10": {
        "Temps": 11.316071,
        "Cout": 963
    },
    "11": {
        "Temps": 12.2931,
        "Cout": 938
    },
    "12": {
        "Temps": 13.316072,
        "Cout": 980
    },
    "13": {
        "Temps": 14.376074,
        "Cout": 922
    },
    "14": {
        "Temps": 15.361073,
        "Cout": 879
    },
    "15": {
        "Temps": 16.332075,
        "Cout": 977
    },
    "16": {
        "Temps": 17.311071,
        "Cout": 946
    },
    "17": {
        "Temps": 18.260102,
        "Cout": 894
    },
    "18": {
        "Temps": 19.361082,
        "Cout": 842
    },
    "19": {
        "Temps": 20.317113,
        "Cout": 817
    },
    "20": {
        "Temps": 21.317075,
        "Cout": 802
    },
    "21": {
        "Temps": 22.354648,
        "Cout": 872
    },
    "22": {
        "Temps": 23.388653,
        "Cout": 795
    },
    "23": {
        "Temps": 24.49765,
        "Cout": 795
    },
    "24": {
        "Temps": 25.567675,
        "Cout": 866
    },
    "25": {
        "Temps": 26.520653,
        "Cout": 843
    },
    "26": {
        "Temps": 27.470649,
        "Cout": 827
    },
    "27": {
        "Temps": 28.495945,
        "Cout": 854
    },
    "28": {
        "Temps": 29.482943,
        "Cout": 829
    },
    "29": {
        "Temps": 30.732993,
        "Cout": 802
    },
    "30": {
        "Temps": 31.797993,
        "Cout": 781
    },
    "31": {
        "Temps": 32.843992,
        "Cout": 817
    },
    "32": {
        "Temps": 33.929993,
        "Cout": 831
    },
    "33": {
        "Temps": 34.964996,
        "Cout": 809
    },
    "34": {
        "Temps": 36.134028,
        "Cout": 836
    },
    "35": {
        "Temps": 37.239996,
        "Cout": 758
    },
    "36": {
        "Temps": 38.324508,
        "Cout": 827
    },
    "37": {
        "Temps": 39.315507,
        "Cout": 742
    },
    "38": {
        "Temps": 40.344508,
        "Cout": 801
    },
    "39": {
        "Temps": 41.465511,
        "Cout": 786
    },
    "40": {
        "Temps": 42.393544,
        "Cout": 770
    },
    "41": {
        "Temps": 43.330544,
        "Cout": 778
    },
    "42": {
        "Temps": 44.302511,
        "Cout": 818
    },
    "43": {
        "Temps": 45.273507,
        "Cout": 835
    },
    "44": {
        "Temps": 46.41151,
        "Cout": 768
    },
    "45": {
        "Temps": 47.356512,
        "Cout": 797
    },
    "46": {
        "Temps": 48.314508,
        "Cout": 805
    },
    "47": {
        "Temps": 49.307512,
        "Cout": 755
    },
    "48": {
        "Temps": 50.274511,
        "Cout": 837
    },
    "49": {
        "Temps": 51.244544,
        "Cout": 843
    },
    "50": {
        "Temps": 52.393508,
        "Cout": 803
    },
    "51": {
        "Temps": 53.398538,
        "Cout": 810
    },
    "52": {
        "Temps": 54.435291,
        "Cout": 803
    },
    "53": {
        "Temps": 55.352291,
        "Cout": 754
    },
    "54": {
        "Temps": 56.34033,
        "Cout": 752
    },
    "55": {
        "Temps": 57.479296,
        "Cout": 859
    },
    "56": {
        "Temps": 58.439293,
        "Cout": 749
    },
    "57": {
        "Temps": 59.416294,
        "Cout": 771
    },
    "58": {
        "Temps": 60.383289,
        "Cout": 836
    },
    "59": {
        "Temps": 61.344316,
        "Cout": 793
    },
    "60": {
        "Temps": 62.498291,
        "Cout": 757
    },
    "61": {
        "Temps": 63.685063,
        "Cout": 820
    },
    "62": {
        "Temps": 64.844068,
        "Cout": 822
    },
    "63": {
        "Temps": 65.973603,
        "Cout": 809
    },
    "64": {
        "Temps": 67.123125,
        "Cout": 778
    },
    "65": {
        "Temps": 68.371126,
        "Cout": 794
    },
    "66": {
        "Temps": 69.387123,
        "Cout": 761
    },
    "67": {
        "Temps": 70.443958,
        "Cout": 814
    },
    "68": {
        "Temps": 71.403994,
        "Cout": 789
    },
    "69": {
        "Temps": 72.354957,
        "Cout": 805
    },
    "70": {
        "Temps": 73.351958,
        "Cout": 734
    },
    "71": {
        "Temps": 74.448991,
        "Cout": 765
    },
    "72": {
        "Temps": 75.511957,
        "Cout": 799
    },
    "73": {
        "Temps": 76.502992,
        "Cout": 772
    },
    "74": {
        "Temps": 77.466995,
        "Cout": 783
    },
    "75": {
        "Temps": 78.463997,
        "Cout": 801
    },
    "76": {
        "Temps": 79.590021,
        "Cout": 830
    },
    "77": {
        "Temps": 80.552028,
        "Cout": 746
    },
    "78": {
        "Temps": 81.492996,
        "Cout": 731
    },
    "79": {
        "Temps": 82.482997,
        "Cout": 747
    },
    "80": {
        "Temps": 83.466991,
        "Cout": 746
    },
    "81": {
        "Temps": 84.604992,
        "Cout": 807
    },
    "82": {
        "Temps": 85.728978,
        "Cout": 798
    },
    "83": {
        "Temps": 86.755981,
        "Cout": 780
    },
    "84": {
        "Temps": 87.813978,
        "Cout": 728
    },
    "85": {
        "Temps": 88.88598,
        "Cout": 706
    },
    "86": {
        "Temps": 89.986977,
        "Cout": 734
    },
    "87": {
        "Temps": 91.069985,
        "Cout": 777
    },
    "88": {
        "Temps": 92.198988,
        "Cout": 800
    },
    "89": {
        "Temps": 93.141986,
        "Cout": 753
    },
    "90": {
        "Temps": 94.106988,
        "Cout": 793
    },
    "91": {
        "Temps": 95.086985,
        "Cout": 724
    },
    "92": {
        "Temps": 96.186991,
        "Cout": 709
    },
    "93": {
        "Temps": 97.222028,
        "Cout": 731
    },
    "94": {
        "Temps": 98.245269,
        "Cout": 779
    },
    "95": {
        "Temps": 99.253269,
        "Cout": 746
    },
    "96": {
        "Temps": 100.254275,
        "Cout": 773
    },
    "97": {
        "Temps": 101.486276,
        "Cout": 833
    },
    "98": {
        "Temps": 102.611955,
        "Cout": 718
    },
    "99": {
        "Temps": 103.606956,
        "Cout": 778
    }
}